name,tree size,drifts count,average after accuracy decrease,average after retrain accuracy,average after retrain accuracy increase,average before after retrain accuracy,average before after retrain accuracy increase,BARINEL average wasted effort,BARINEL average fix accuracy,BARINEL average fix accuracy increase
acute-nephritis,5,3,33.333333333333336,91.66666666666667,33.33333333333333,76.38888888888889,18.055555555555554,1.3333333333333333,72.22222222222223,13.888888888888888
bank,7,1,52.212389380530965,88.93805309734513,35.73008849557523,91.48230088495575,38.27433628318584,0.0,92.14601769911505,38.93805309734514
breast-cancer-wisc,5,4,56.52173913043479,88.48920863309353,55.395683453237424,92.44604316546763,59.35251798561152,1.0,62.94964028776978,29.856115107913674
credit-approval,5,4,25.000000000000004,84.05797101449275,23.18840579710145,67.02898550724638,6.159420289855072,1.0,77.89855072463769,17.028985507246375
echocardiogram,3,2,42.30769230769231,69.23076923076923,19.23076923076923,88.46153846153845,38.46153846153846,0.0,88.46153846153845,38.46153846153846
spect,3,2,36.53846153846155,69.81132075471697,33.018867924528294,73.58490566037736,36.79245283018868,0.0,77.35849056603774,40.566037735849065
vertebral-column-2clases,9,2,27.41935483870968,70.96774193548387,21.774193548387096,70.16129032258064,20.967741935483865,3.0,45.96774193548387,-3.2258064516129084
TOTAL,18.70731707317073,2.5714285714285716,36.626052656707856,76.92126896101344,24.543333653813505,77.65671059107382,25.278775283873884,2.8780487804878048,72.77483306230981,20.396897755109883
